######################################################################
# MPPGv4: EPX
######################################################################

[user] -> value supplied by user
[a|b] -> value chosen by user
{tag} -> EMV reader data
(tag) -> MPPG response data

Amounts are in dollars and cents only (e.g. $123.45 is entered as "123.45")

======================================================================
SALE/AUTHORIZE
Method: ProcessData
======================================================================
<soapenv:Envelope
	xmlns:soapenv="http://schemas.xmlsoap.org/soap/envelope/"
	xmlns:mpp="http://www.magensa.net/MPPGv4/"
	xmlns:mpp1="http://schemas.datacontract.org/2004/07/MPPGv4WS.Core"
	xmlns:sys="http://schemas.datacontract.org/2004/07/System.Collections.Generic">
	<soapenv:Header/>
	<soapenv:Body>
		<mpp:ProcessData>         
			<mpp:ProcessDataRequests>            
				<mpp1:ProcessDataRequest>               
					<mpp1:Authentication>
						<mpp1:CustomerCode>[user]</mpp1:CustomerCode>
						<mpp1:Password>[user]</mpp1:Password>
						<mpp1:Username>[user]</mpp1:Username>
					</mpp1:Authentication>           
					<mpp1:CustomerTransactionID>[user]</mpp1:CustomerTransactionID>
					<mpp1:DataInput>
						<mpp1:Data>[{ARQC} | {DFDF59}]</mpp1:Data>
						<mpp1:DataFormatType>TLV</mpp1:DataFormatType>
						<mpp1:EncryptionInfo>
							<mpp1:EncryptionType>{DFDF57}</mpp1:EncryptionType>
							<mpp1:KSN>{DFDF56}</mpp1:KSN>
							<mpp1:NumberOfPaddedBytes>[0 (for ARQC) | {DFDF58} (for DFDF59)]</mpp1:NumberOfPaddedBytes>
						</mpp1:EncryptionInfo>
						<mpp1:IsEncrypted>true</mpp1:IsEncrypted>
						<mpp1:PaymentMode>[EMV|MagStripe]</mpp1:PaymentMode>
					</mpp1:DataInput>
					<mpp1:TransactionInput>
						<mpp1:Amount>[user]</mpp1:Amount>
						<mpp1:ClientCertAsBase64String></mpp1:ClientCertAsBase64String>
						<mpp1:ClientCertPassword></mpp1:ClientCertPassword>
						<mpp1:ProcessorName>EPX - [Pilot|Production]</mpp1:ProcessorName>
						<mpp1:TransactionType>[SALE|AUTHORIZE]</mpp1:TransactionType>
					</mpp1:TransactionInput>
				</mpp1:ProcessDataRequest>
			</mpp:ProcessDataRequests>
		</mpp:ProcessData>
	</soapenv:Body>
</soapenv:Envelope>


======================================================================
CAPTURE(capture without tip)/VOID/REFUND
Method: ProcessReferenceID
======================================================================
<soapenv:Envelope
	xmlns:soapenv="http://schemas.xmlsoap.org/soap/envelope/"
	xmlns:mpp="http://www.magensa.net/MPPGv4/"
	xmlns:mpp1="http://schemas.datacontract.org/2004/07/MPPGv4WS.Core"
	xmlns:sys="http://schemas.datacontract.org/2004/07/System.Collections.Generic">
	<soapenv:Header/>
	<soapenv:Body>
		<mpp:ProcessReferenceID>
			<mpp:ProcessReferenceIDRequests>
				<mpp1:ProcessReferenceIDRequest>
					<mpp1:Authentication>
						<mpp1:CustomerCode>[user]</mpp1:CustomerCode>
						<mpp1:Password>[user]</mpp1:Password>
						<mpp1:Username>[user]</mpp1:Username>
					</mpp1:Authentication>
					<mpp1:CustomerTransactionID>[user]</mpp1:CustomerTransactionID>
					<mpp1:TransactionInput>
						<mpp1:Amount>[user]</mpp1:Amount>
						<mpp1:ClientCertAsBase64String></mpp1:ClientCertAsBase64String>
						<mpp1:ClientCertPassword></mpp1:ClientCertPassword>
						<mpp1:ProcessorName>EPX - [Pilot|Production]</mpp1:ProcessorName>
						<mpp1:TransactionType>[CAPTURE|VOID|REFUND]</mpp1:TransactionType>
						<mpp1:ReferenceTransactionID>(TransactionID)</mpp1:ReferenceTransactionID>
					</mpp1:TransactionInput>
				</mpp1:ProcessReferenceIDRequest>
			</mpp:ProcessReferenceIDRequests>
		</mpp:ProcessReferenceID>
	</soapenv:Body>
</soapenv:Envelope>



======================================================================
FORCE(capture with tip)
Method: ProcessReferenceID
======================================================================
<soapenv:Envelope
	xmlns:soapenv="http://schemas.xmlsoap.org/soap/envelope/"
	xmlns:mpp="http://www.magensa.net/MPPGv4/"
	xmlns:mpp1="http://schemas.datacontract.org/2004/07/MPPGv4WS.Core"
	xmlns:sys="http://schemas.datacontract.org/2004/07/System.Collections.Generic">
	<soapenv:Header/>
	<soapenv:Body>
		<mpp:ProcessReferenceID>
			<mpp:ProcessReferenceIDRequests>
				<mpp1:ProcessReferenceIDRequest>
					<mpp1:Authentication>
						<mpp1:CustomerCode>[user]</mpp1:CustomerCode>
						<mpp1:Password>[user]</mpp1:Password>
						<mpp1:Username>[user]</mpp1:Username>
					</mpp1:Authentication>
					<mpp1:CustomerTransactionID>[user]</mpp1:CustomerTransactionID>
					<mpp1:TransactionInput>
						<mpp1:Amount>[user]</mpp1:Amount>
						<mpp1:ClientCertAsBase64String></mpp1:ClientCertAsBase64String>
						<mpp1:ClientCertPassword></mpp1:ClientCertPassword>
						<mpp1:ProcessorName>EPX - [Pilot|Production]</mpp1:ProcessorName>
						<mpp1:TransactionInputDetails>
							<sys:KeyValuePairOfstringstring>
								<sys:key>TipAmount</sys:key>
								<sys:value>[user]</sys:value>
							</sys:KeyValuePairOfstringstring>
						</mpp1:TransactionInputDetails>
						<mpp1:TransactionType>FORCE</mpp1:TransactionType>
						<mpp1:ReferenceTransactionID>(TransactionID)</mpp1:ReferenceTransactionID>
					</mpp1:TransactionInput>
				</mpp1:ProcessReferenceIDRequest>
			</mpp:ProcessReferenceIDRequests>
		</mpp:ProcessReferenceID>
	</soapenv:Body>
</soapenv:Envelope>
