######################################################################
# MPPGv4: Elavon (Converge)
######################################################################

[user] -> value supplied by user
[a|b] -> value chosen by user
{tag} -> EMV reader data
(tag) -> MPPG response data

Amounts are in cents only (e.g. $123.45 is entered as "12345")

======================================================================
SALE
Method: ProcessData
======================================================================
<soapenv:Envelope
	xmlns:soapenv="http://schemas.xmlsoap.org/soap/envelope/"
	xmlns:mpp="http://www.magensa.net/MPPGv4/"
	xmlns:mpp1="http://schemas.datacontract.org/2004/07/MPPGv4WS.Core"
	xmlns:sys="http://schemas.datacontract.org/2004/07/System.Collections.Generic">
	<soapenv:Header/>
	<soapenv:Body>
		<mpp:ProcessData>
			<mpp:ProcessDataRequests>
				<mpp1:ProcessDataRequest>
					<mpp1:Authentication>
						<mpp1:Authentication>
							<mpp1:CustomerCode>[user]</mpp1:CustomerCode>
							<mpp1:Password>[user]</mpp1:Password>
							<mpp1:Username>[user]</mpp1:Username>
						</mpp1:Authentication>
					</mpp1:Authentication>
					<!--Optional:-->
					<mpp1:CustomerTransactionID>[user]</mpp1:CustomerTransactionID>
					<mpp1:DataInput>
						<mpp1:Data>[{ARQC} | {DFDF59}]</mpp1:Data>
						<mpp1:DataFormatType>TLV</mpp1:DataFormatType>
						<mpp1:EncryptionInfo>
							<mpp1:EncryptionType>{DFDF57}</mpp1:EncryptionType>
							<mpp1:KSN>{DFDF56}</mpp1:KSN>
							<mpp1:NumberOfPaddedBytes>[0 (for ARQC) | {DFDF58} (for DFDF59)]</mpp1:NumberOfPaddedBytes>
						</mpp1:EncryptionInfo>
						<mpp1:IsEncrypted>true</mpp1:IsEncrypted>
						<mpp1:PaymentMode>[EMV|MagStripe]</mpp1:PaymentMode>
					</mpp1:DataInput>
					<mpp1:TransactionInput>
						<mpp1:Amount>[user]</mpp1:Amount>
						<mpp1:ClientCertAsBase64String></mpp1:ClientCertAsBase64String>
						<mpp1:ClientCertPassword></mpp1:ClientCertPassword>
						<mpp1:ProcessorName>Elavon - [Pilot|Production]</mpp1:ProcessorName>
						<mpp1:TransactionType>SALE</mpp1:TransactionType>
						<mpp1:TransactionInputDetails>
							<sys:KeyValuePairOfstringstring>
								<sys:key>LastRecordNumber</sys:key>
								<sys:value>1</sys:value>
							</sys:KeyValuePairOfstringstring>
							<!--Optional:-->
							<!--
							<sys:KeyValuePairOfstringstring>
								<sys:key>PartialAuthIndicator</sys:key>
								<sys:value>0</sys:value>
							</sys:KeyValuePairOfstringstring>
							-->
						</mpp1:TransactionInputDetails>
						<mpp1:TransactionType>SALE</mpp1:TransactionType>
					</mpp1:TransactionInput>
				</mpp1:ProcessDataRequest>
			</mpp:ProcessDataRequests>
		</mpp:ProcessData>
	</soapenv:Body>
</soapenv:Envelope>


======================================================================
AUTH: *** NOT SUPPORTED ***
======================================================================

======================================================================
CAPTURE: *** NOT SUPPORTED ***
======================================================================

======================================================================
VOID
Method: ProcessToken
======================================================================
<soapenv:Envelope
	xmlns:soapenv="http://schemas.xmlsoap.org/soap/envelope/"
	xmlns:mpp="http://www.magensa.net/MPPGv3/"
	xmlns:mpp1="http://schemas.datacontract.org/2004/07/MPPGv3WS.Core"
	xmlns:sys="http://schemas.datacontract.org/2004/07/System.Collections.Generic">
	<soapenv:Header/>
	<soapenv:Body>
		<mpp:ProcessToken>
			<mpp:ProcessTokenRequests>
				<mpp1:ProcessTokenRequest>
					<mpp1:Authentication>
						<mpp1:CustomerCode>[user]</mpp1:CustomerCode>
						<mpp1:Password>[user]</mpp1:Password>
						<mpp1:Username>[user]</mpp1:Username>
					</mpp1:Authentication>
					<mpp1:CustomerTransactionID>[user]</mpp1:CustomerTransactionID>
					<mpp1:Token>(Token)</mpp1:Token>
					<mpp1:TransactionInput>
						<mpp1:Amount>[user]</mpp1:Amount>
						<mpp1:ClientCertAsBase64String></mpp1:ClientCertAsBase64String>
						<mpp1:ClientCertPassword></mpp1:ClientCertPassword>
						<mpp1:ProcessorName>Elavon - [Pilot|Production]</mpp1:ProcessorName>
						<mpp1:TransactionInputDetails>
							<sys:KeyValuePairOfstringstring>
								<sys:key>LastRecordNumber</sys:key>
								<sys:value>[user]</sys:value>
								<sys:key>ResponseCode</sys:key>
								<sys:value>AA</sys:value>
							</sys:KeyValuePairOfstringstring>
						</mpp1:TransactionInputDetails>
						<mpp1:TransactionType>VOID</mpp1:TransactionType>
					</mpp1:TransactionInput>
				</mpp1:ProcessTokenRequest>
			</mpp:ProcessTokenRequests>
		</mpp:ProcessToken>
	</soapenv:Body>
</soapenv:Envelope>

======================================================================
REFUND
Method: ProcessToken
======================================================================
<soapenv:Envelope
	xmlns:soapenv="http://schemas.xmlsoap.org/soap/envelope/"
	xmlns:mpp="http://www.magensa.net/MPPGv3/"
	xmlns:mpp1="http://schemas.datacontract.org/2004/07/MPPGv3WS.Core"
	xmlns:sys="http://schemas.datacontract.org/2004/07/System.Collections.Generic">
	<soapenv:Header/>
	<soapenv:Body>
		<mpp:ProcessToken>
			<mpp:ProcessTokenRequests>
				<mpp1:ProcessTokenRequest>
					<mpp1:Authentication>
						<mpp1:CustomerCode>[user]</mpp1:CustomerCode>
						<mpp1:Password>[user]</mpp1:Password>
						<mpp1:Username>[user]</mpp1:Username>
					</mpp1:Authentication>
					<mpp1:CustomerTransactionID>[user]</mpp1:CustomerTransactionID>
					<mpp1:Token>(Token)</mpp1:Token>
					<mpp1:TransactionInput>
						<mpp1:Amount>[user]</mpp1:Amount>
						<mpp1:ClientCertAsBase64String></mpp1:ClientCertAsBase64String>
						<mpp1:ClientCertPassword></mpp1:ClientCertPassword>
						<mpp1:ProcessorName>Elavon - [Pilot|Production]</mpp1:ProcessorName>
						<mpp1:TransactionInputDetails>
							<sys:KeyValuePairOfstringstring>
								<sys:key>LastRecordNumber</sys:key>
								<sys:value>[user]</sys:value>
							</sys:KeyValuePairOfstringstring>
						</mpp1:TransactionInputDetails>
						<mpp1:TransactionType>REFUND</mpp1:TransactionType>
					</mpp1:TransactionInput>
				</mpp1:ProcessTokenRequest>
			</mpp:ProcessTokenRequests>
		</mpp:ProcessToken>
	</soapenv:Body>
</soapenv:Envelope>
